BEGIN TRANSACTION;
CREATE TABLE IF NOT EXISTS "buildings" (
	"id"	INTEGER,
	"name"	varchar(50) NOT NULL,
	"account_name"	varchar(50) DEFAULT NULL,
	"account_number"	varchar(50) DEFAULT NULL,
	"bank"	varchar(50) DEFAULT NULL,
	"bank_link"	varchar(50) DEFAULT NULL,
	"bank_branch"	varchar(50) DEFAULT NULL,
	"company"	varchar(50) DEFAULT NULL,
	"authorize_signature"	varchar(50) DEFAULT NULL,
	"authorize_title"	varchar(50) DEFAULT NULL,
	"email"	varchar(50) DEFAULT NULL,
	"phone"	varchar(50) DEFAULT NULL,
	"address"	text,
	PRIMARY KEY("id" AUTOINCREMENT)
);
CREATE TABLE IF NOT EXISTS "document_type" (
	"id"	INTEGER,
	"name"	varchar(50) NOT NULL,
	PRIMARY KEY("id" AUTOINCREMENT)
);
CREATE TABLE IF NOT EXISTS "documents" (
	"id"	INTEGER,
	"name"	varchar(50) NOT NULL,
	"document_type_id"	INTEGER DEFAULT NULL,
	"unit_id"	INTEGER DEFAULT NULL,
	"file"	longblob NOT NULL,
	"file_extension"	varchar(50) DEFAULT NULL,
	"description"	text,
	"username"	varchar(50) DEFAULT NULL,
	"modified_time"	datetime DEFAULT NULL,
	CONSTRAINT "documents_ibfk_2" FOREIGN KEY("unit_id") REFERENCES "unit"("id"),
	CONSTRAINT "documents_ibfk_1" FOREIGN KEY("document_type_id") REFERENCES "document_type"("id") ON DELETE CASCADE ON UPDATE CASCADE,
	PRIMARY KEY("id" AUTOINCREMENT)
);
CREATE TABLE IF NOT EXISTS "expense" (
	"id"	INTEGER,
	"name"	varchar(50) NOT NULL,
	"expense_type_id"	INTEGER NOT NULL,
	"Start_period"	date DEFAULT NULL,
	"End_period"	date DEFAULT NULL,
	"building_id"	INTEGER DEFAULT NULL,
	"Payment_date"	date DEFAULT NULL,
	"Amount"	decimal(13, 3) DEFAULT NULL,
	"Note"	text,
	CONSTRAINT "expense_ibfk_2" FOREIGN KEY("building_id") REFERENCES "buildings"("id") ON DELETE CASCADE ON UPDATE CASCADE,
	CONSTRAINT "expense_ibfk_1" FOREIGN KEY("expense_type_id") REFERENCES "expense_type"("id") ON DELETE CASCADE ON UPDATE CASCADE,
	PRIMARY KEY("id" AUTOINCREMENT)
);
CREATE TABLE IF NOT EXISTS "expense_type" (
	"id"	INTEGER,
	"name"	varchar(50) NOT NULL,
	PRIMARY KEY("id" AUTOINCREMENT)
);
CREATE TABLE IF NOT EXISTS "invoice_leaseagrm" (
	"id"	INTEGER,
	"name"	varchar(50) NOT NULL,
	"revenue_type_id"	INTEGER NOT NULL,
	"invoice_id"	INTEGER NOT NULL,
	"start_date"	date DEFAULT NULL,
	"end_date"	date DEFAULT NULL,
	"price"	decimal(13, 3) NOT NULL,
	"quantity"	decimal(13, 3) NOT NULL DEFAULT '1.000',
	"amount"	decimal(13, 3) NOT NULL,
	CONSTRAINT "invoice_leaseagrm_ibfk_2" FOREIGN KEY("revenue_type_id") REFERENCES "revenue_type"("id") ON DELETE CASCADE ON UPDATE CASCADE,
	CONSTRAINT "invoice_leaseagrm_ibfk_1" FOREIGN KEY("invoice_id") REFERENCES "invoices"("id") ON DELETE CASCADE ON UPDATE CASCADE,
	PRIMARY KEY("id" AUTOINCREMENT)
);
CREATE TABLE IF NOT EXISTS "invoice_utilities" (
	"id"	INTEGER,
	"name"	varchar(50) NOT NULL,
	"invoice_id"	INTEGER NOT NULL,
	"utility_reading_id"	INTEGER NOT NULL,
	"revenue_type_id"	INTEGER NOT NULL,
	"price"	decimal(13, 3) NOT NULL,
	"quantity"	decimal(13, 3) NOT NULL,
	"amount"	decimal(13, 3) NOT NULL,
	CONSTRAINT "invoice_utilities_ibfk_3" FOREIGN KEY("utility_reading_id") REFERENCES "utility_reading"("id") ON DELETE CASCADE ON UPDATE CASCADE,
	CONSTRAINT "invoice_utilities_ibfk_1" FOREIGN KEY("revenue_type_id") REFERENCES "revenue_type"("id") ON DELETE CASCADE ON UPDATE CASCADE,
	CONSTRAINT "invoice_utilities_ibfk_2" FOREIGN KEY("invoice_id") REFERENCES "invoices"("id") ON DELETE CASCADE ON UPDATE CASCADE,
	PRIMARY KEY("id" AUTOINCREMENT)
);
CREATE TABLE IF NOT EXISTS "invoices" (
	"id"	INTEGER,
	"name"	varchar(50) NOT NULL,
	"leaseagrm_id"	INTEGER NOT NULL,
	"note"	text,
	CONSTRAINT "invoices_ibfk_1" FOREIGN KEY("leaseagrm_id") REFERENCES "leaseagrm"("id") ON DELETE CASCADE ON UPDATE CASCADE,
	PRIMARY KEY("id" AUTOINCREMENT)
);
CREATE TABLE IF NOT EXISTS "leaseagrm" (
	"id"	INTEGER,
	"name"	varchar(50) DEFAULT NULL,
	"unit_id"	INTEGER DEFAULT NULL,
	"Tenant_ID"	INTEGER DEFAULT NULL,
	"ocupants_ids"	varchar(50) DEFAULT NULL,
	"Start_date"	date DEFAULT NULL,
	"Finish"	date DEFAULT NULL,
	"Rent_amount"	decimal(13, 3) DEFAULT NULL,
	"leaseagrm_period_id"	INTEGER DEFAULT NULL,
	"Deposit_amount"	decimal(13, 3) DEFAULT NULL,
	"Deposit_payment_date"	date DEFAULT NULL,
	"Deposit_payback_date"	date DEFAULT NULL,
	"Monthly_payment_date"	tinyint(4) DEFAULT NULL,
	"Deposit_currency"	varchar(50) DEFAULT NULL,
	"Deposit_exchange_rate"	decimal(13, 3) DEFAULT NULL,
	"note"	text,
	CONSTRAINT "leaseagrm_ibfk_3" FOREIGN KEY("unit_id") REFERENCES "unit"("id") ON DELETE CASCADE ON UPDATE CASCADE,
	CONSTRAINT "leaseagrm_ibfk_2" FOREIGN KEY("Tenant_ID") REFERENCES "tenant"("id") ON DELETE CASCADE ON UPDATE CASCADE,
	CONSTRAINT "leaseagrm_ibfk_4" FOREIGN KEY("leaseagrm_period_id") REFERENCES "leaseagrm_period"("id") ON DELETE CASCADE ON UPDATE CASCADE,
	PRIMARY KEY("id" AUTOINCREMENT)
);
CREATE TABLE IF NOT EXISTS "leaseagrm_period" (
	"id"	INTEGER,
	"name"	varchar(50) NOT NULL,
	PRIMARY KEY("id" AUTOINCREMENT)
);
CREATE TABLE IF NOT EXISTS "revenue" (
	"id"	INTEGER,
	"name"	varchar(50) NOT NULL,
	"leaseagrm_id"	INTEGER NOT NULL,
	"Payment_date"	date DEFAULT NULL,
	"Amount"	decimal(13, 3) DEFAULT NULL,
	"Note"	text,
	CONSTRAINT "revenue_ibfk_1" FOREIGN KEY("leaseagrm_id") REFERENCES "leaseagrm"("id") ON DELETE CASCADE ON UPDATE CASCADE,
	PRIMARY KEY("id" AUTOINCREMENT)
);
CREATE TABLE IF NOT EXISTS "revenue_type" (
	"id"	INTEGER,
	"name"	varchar(50) NOT NULL,
	"is_utility"	tinyint(1) NOT NULL DEFAULT '0',
	PRIMARY KEY("id" AUTOINCREMENT)
);
CREATE TABLE IF NOT EXISTS "tenant" (
	"id"	INTEGER,
	"Last_Name"	varchar(50) DEFAULT NULL,
	"Middle_Name"	varchar(50) DEFAULT NULL,
	"First_Name"	varchar(50) DEFAULT NULL,
	"Date_of_birth"	date DEFAULT NULL,
	"Nationality"	varchar(50) DEFAULT NULL,
	"Passport_ID_number"	varchar(50) DEFAULT NULL,
	"visa_expiry_date"	date DEFAULT NULL,
	"building_id"	INTEGER DEFAULT NULL,
	"police_registration_date"	date DEFAULT NULL,
	"expected_departure_date"	date DEFAULT NULL,
	"Mobile_Phone"	varchar(50) DEFAULT NULL,
	"Work_Phone"	varchar(50) DEFAULT NULL,
	"Work_Email"	varchar(50) DEFAULT NULL,
	"Personal_Email"	varchar(50) DEFAULT NULL,
	"Company_Name"	varchar(50) DEFAULT NULL,
	"Company_address"	varchar(50) DEFAULT NULL,
	"note"	text,
	CONSTRAINT "tenant_ibfk_1" FOREIGN KEY("building_id") REFERENCES "buildings"("id"),
	PRIMARY KEY("id" AUTOINCREMENT)
);
CREATE TABLE IF NOT EXISTS "unit" (
	"id"	INTEGER,
	"name"	char(10) NOT NULL,
	"building_id"	INTEGER NOT NULL DEFAULT '1',
	"area"	decimal(10, 0) NOT NULL DEFAULT '0',
	"number_of_bedrooms"	tinyint(4) NOT NULL DEFAULT '1',
	"number_of_bathroom"	tinyint(4) NOT NULL DEFAULT '1',
	"balcony"	tinyint(1) DEFAULT '0',
	"number_of_windows"	tinyint(4) NOT NULL DEFAULT '0',
	"note"	text,
	CONSTRAINT "unit_ibfk_1" FOREIGN KEY("building_id") REFERENCES "buildings"("id") ON DELETE CASCADE ON UPDATE CASCADE,
	PRIMARY KEY("id" AUTOINCREMENT)
);
CREATE TABLE IF NOT EXISTS "utility_price" (
	"id"	integer,
	"revenue_type_id"	INTEGER NOT NULL,
	"value"	decimal(13, 3) NOT NULL,
	"date_valid"	date NOT NULL,
	"date_enter"	date NOT NULL,
	"username"	varchar(50) DEFAULT NULL,
	"modified_time"	datetime DEFAULT NULL,
	CONSTRAINT "utility_price_ibfk_1" FOREIGN KEY("revenue_type_id") REFERENCES "revenue_type"("id") ON DELETE CASCADE ON UPDATE CASCADE,
	PRIMARY KEY("id" AUTOINCREMENT)
);
CREATE TABLE IF NOT EXISTS "utility_reading" (
	"id"	INTEGER,
	"revenue_type_id"	INTEGER NOT NULL,
	"unit_id"	INTEGER DEFAULT NULL,
	"date"	datetime NOT NULL,
	"number"	decimal(13, 3) NOT NULL,
	"username"	varchar(50) DEFAULT NULL,
	"modified_time"	datetime DEFAULT NULL,
	CONSTRAINT "utility_reading_ibfk_1" FOREIGN KEY("revenue_type_id") REFERENCES "revenue_type"("id") ON DELETE CASCADE ON UPDATE CASCADE,
	CONSTRAINT "utility_reading_ibfk_2" FOREIGN KEY("unit_id") REFERENCES "unit"("id") ON DELETE CASCADE ON UPDATE CASCADE,
	PRIMARY KEY("id" AUTOINCREMENT)
);
CREATE TABLE IF NOT EXISTS "user" (
	"id"	INTEGER,
	"username"	varchar(50) NOT NULL UNIQUE,
	"password"	varchar(50) NOT NULL,
	"phone_number"	varchar(50) NOT NULL UNIQUE,
	"email"	varchar(50) NOT NULL UNIQUE,
	"viber_number"	varchar(50) DEFAULT NULL,
	"approved"	tinyint(1) NOT NULL DEFAULT '0',
	PRIMARY KEY("id" AUTOINCREMENT)
);
INSERT INTO "buildings" VALUES (2,'May Thi Nghe','HO QUOC HUNG',' 0210107275570001','Ngan Hang TMCP Sai gon (https://scb.com.vn/)','https://scb.com.vn/','TAN DINH','May Corporation','Ly Dieu Minh','Building Supervisor','nguyenvubinh@outlook.com','01694958317','MAY Apartments\r\n216/3/21 Nguyen Van Huong\r\nThao Dien Ward, Dist. 2. HCMC.');
INSERT INTO "buildings" VALUES (5,'PKK','HO QUOC HUNG',' 0210107275570001','Ngan Hang TMCP Sai gon (https://scb.com.vn/)','https://scb.com.vn/','TAN DINH','May Corporation','Ly Dieu Minh','Building Supervisor','nguyenvubinh@outlook.com','01694958317','MAY Apartments\r\n216/3/21 Nguyen Van Huong\r\nThao Dien Ward, Dist. 2. HCMC.');
INSERT INTO "buildings" VALUES (6,'MAP',NULL,NULL,NULL,NULL,NULL,NULL,NULL,NULL,NULL,NULL,NULL);
INSERT INTO "document_type" VALUES (1,'Lease agreement');
INSERT INTO "document_type" VALUES (2,'Inventory list');
INSERT INTO "document_type" VALUES (3,'Picture');
INSERT INTO "document_type" VALUES (4,'ID/Passport/Visa');
INSERT INTO "document_type" VALUES (5,'Client photo');
INSERT INTO "document_type" VALUES (6,'Business license');
INSERT INTO "documents" VALUES (1,'',NULL,NULL,'',NULL,NULL,NULL,NULL);
INSERT INTO "expense_type" VALUES (1,'Salary');
INSERT INTO "expense_type" VALUES (2,'Supplies (Flower, fuel)');
INSERT INTO "expense_type" VALUES (3,'Water');
INSERT INTO "expense_type" VALUES (4,'Telephone');
INSERT INTO "expense_type" VALUES (5,'Electricity');
INSERT INTO "expense_type" VALUES (6,'Marketing (commission, newspaper, advertisement)');
INSERT INTO "expense_type" VALUES (7,'Repair and maintenance ');
INSERT INTO "expense_type" VALUES (8,'Cash payback to tenants');
INSERT INTO "expense_type" VALUES (9,'Other');
INSERT INTO "invoice_leaseagrm" VALUES (3,'Rent (01 Jan 2020 - 30 Nov 2020)',1,4,'2020-01-01','2020-11-30',51836350,11,570199850);
INSERT INTO "invoice_leaseagrm" VALUES (4,'Rent (01 Dec 2019 - 30 Nov 2020)',1,5,'2019-12-01','2020-11-30',30690000,12,368280000);
INSERT INTO "invoice_leaseagrm" VALUES (5,'Rent (01 Apr 2020 - 30 Nov 2020)',1,6,'2020-04-01','2020-11-30',20508400,8,164067200);
INSERT INTO "invoice_leaseagrm" VALUES (6,'Rent (01 Jan 2020 - 30 Nov 2020)',1,7,'2020-01-01','2020-11-30',15856500,11,174421500);
INSERT INTO "invoice_leaseagrm" VALUES (7,'Rent (21 Oct 2020 - 30 Nov 2020)',1,8,'2020-10-21','2020-11-30',32717620,1.333,43612587.46);
INSERT INTO "invoice_leaseagrm" VALUES (8,'Rent (01 Apr 2016 - 30 Nov 2020)',1,9,'2016-04-01','2020-11-30',33741500,56,1889524000);
INSERT INTO "invoice_leaseagrm" VALUES (9,'Rent (01 Jan 2019 - 30 Nov 2020)',1,10,'2019-01-01','2020-11-30',8702980,23,200168540);
INSERT INTO "invoice_leaseagrm" VALUES (10,'Rent (21 Oct 2020 - 30 Nov 2020)',1,11,'2020-10-21','2020-11-30',14520480,1.333,19355799.84);
INSERT INTO "invoice_leaseagrm" VALUES (11,'Rent (16 Oct 2020 - 30 Nov 2020)',1,12,'2020-10-16','2020-11-30',40955200,1.5,61432800);
INSERT INTO "invoice_leaseagrm" VALUES (12,'Rent (01 Nov 2020 - 30 Nov 2020)',1,13,'2020-11-01','2020-11-30',78300000,1,78300000);
INSERT INTO "invoice_leaseagrm" VALUES (13,'Rent (05 Aug 2019 - 30 Nov 2020)',1,14,'2019-08-05','2020-11-30',36650250,15.839,580503309.75);
INSERT INTO "invoice_leaseagrm" VALUES (14,'Rent (16 Oct 2019 - 30 Nov 2020)',1,15,'2019-10-16','2020-11-30',42816800,13.5,578026800);
INSERT INTO "invoice_leaseagrm" VALUES (15,'Rent (16 Sep 2020 - 30 Nov 2020)',1,16,'2020-09-16','2020-11-30',32578000,2.484,80923752);
INSERT INTO "invoice_leaseagrm" VALUES (16,'Rent (22 Jan 2020 - 30 Nov 2020)',1,17,'2020-01-22','2020-11-30',40606150,10.29,417837283.5);
INSERT INTO "invoice_leaseagrm" VALUES (17,'Rent (16 Sep 2019 - 30 Nov 2020)',1,18,'2019-09-16','2020-11-30',80048800,14.484,1159426819.2);
INSERT INTO "invoice_leaseagrm" VALUES (18,'Rent (04 May 2019 - 30 Nov 2020)',1,19,'2019-05-04','2020-11-30',37464700,18.9,708082830);
INSERT INTO "invoice_leaseagrm" VALUES (19,'Rent (15 Jun 2020 - 30 Nov 2020)',1,20,'2020-06-15','2020-11-30',40955200,5.516,225908883.2);
INSERT INTO "invoice_leaseagrm" VALUES (20,'Rent (01 Nov 2016 - 30 Nov 2020)',1,21,'2016-11-01','2020-11-30',108000000,49,5292000000);
INSERT INTO "invoice_leaseagrm" VALUES (22,'Rent \"RANGMI\" period 16 Dec 2012 - 31 Oct 2020',1,23,'2012-12-16','2020-10-31',20909091,1,1976243644.956);
INSERT INTO "invoices" VALUES (4,'124 (CUULONG) - PKKG01 - Month end 30 Nov 2020',124,NULL);
INSERT INTO "invoices" VALUES (5,'126 (FUJIKIN) - PKK101 - Month end 30 Nov 2020',126,NULL);
INSERT INTO "invoices" VALUES (6,'127 (NHQUANG) - PKK102 - Month end 30 Nov 2020',127,NULL);
INSERT INTO "invoices" VALUES (7,'128 (ARCA) - PKK103 - Month end 30 Nov 2020',128,NULL);
INSERT INTO "invoices" VALUES (8,'129 (DP) - PKK104 - Month end 30 Nov 2020',129,NULL);
INSERT INTO "invoices" VALUES (9,'130 (KOCKS) - PKK201 - Month end 30 Nov 2020',130,NULL);
INSERT INTO "invoices" VALUES (10,'131 (KOCKS) - PKK202 - Month end 30 Nov 2020',131,NULL);
INSERT INTO "invoices" VALUES (11,'132 (DP) - PKK203 - Month end 30 Nov 2020',132,NULL);
INSERT INTO "invoices" VALUES (12,'133 (FUBIC) - PKK204 - Month end 30 Nov 2020',133,NULL);
INSERT INTO "invoices" VALUES (13,'134 (HOANGAN) - PKK301 - Month end 30 Nov 2020',134,NULL);
INSERT INTO "invoices" VALUES (14,'135 (CIRCLE) - PKK401 - Month end 30 Nov 2020',135,NULL);
INSERT INTO "invoices" VALUES (15,'136 (WIND) - PKK402 - Month end 30 Nov 2020',136,NULL);
INSERT INTO "invoices" VALUES (16,'137 (VOYAGER1) - PKK501 - Month end 30 Nov 2020',137,NULL);
INSERT INTO "invoices" VALUES (17,'138 (VOYAGER2) - PKK502 - Month end 30 Nov 2020',138,NULL);
INSERT INTO "invoices" VALUES (18,'139 (KIENTRUCTRANG) - PKK601 - Month end 30 Nov 20',139,NULL);
INSERT INTO "invoices" VALUES (19,'140 (IMT) - PKK701 - Month end 30 Nov 2020',140,NULL);
INSERT INTO "invoices" VALUES (20,'141 (ENSIGN) - PKK702 - Month end 30 Nov 2020',141,NULL);
INSERT INTO "invoices" VALUES (21,'142 (MOBIFONE) - PKKT01 - Month end 30 Nov 2020',142,NULL);
INSERT INTO "invoices" VALUES (23,'Resolve \"RANGMI\" period 16 Dec 2012 - 31 Oct 2020',125,NULL);
INSERT INTO "leaseagrm" VALUES (124,'CUULONG',92,91,NULL,'2020-01-01','2022-12-31',51836350,2,NULL,NULL,'2022-12-31',15,NULL,NULL,NULL);
INSERT INTO "leaseagrm" VALUES (125,'RANGMI',93,92,NULL,'2012-12-16','2022-12-31',20909091,2,66000000,NULL,NULL,30,'VND',0,NULL);
INSERT INTO "leaseagrm" VALUES (126,'FUJIKIN',94,93,NULL,'2019-12-01','2021-11-30',30690000,2,45900000,'2018-11-29','2021-11-30',7,'VND',NULL,NULL);
INSERT INTO "leaseagrm" VALUES (127,'NHQUANG',95,94,NULL,'2020-04-01','2022-03-31',20508400,2,33500000,'2014-04-04','2022-03-31',15,'VND',NULL,NULL);
INSERT INTO "leaseagrm" VALUES (128,'ARCA',96,95,NULL,'2020-01-01','2021-12-31',15856500,2,NULL,NULL,NULL,15,NULL,NULL,NULL);
INSERT INTO "leaseagrm" VALUES (129,'DP',97,96,NULL,'2020-10-21','2021-04-20',32717620,2,74000000,'2013-10-08','2021-04-20',30,'VND',NULL,NULL);
INSERT INTO "leaseagrm" VALUES (130,'KOCKS',98,97,NULL,'2016-04-01','2021-03-31',33741500,2,68400000,'2014-04-17','2021-03-31',7,'VND',NULL,NULL);
INSERT INTO "leaseagrm" VALUES (131,'KOCKS',99,97,NULL,'2019-01-01','2020-12-31',8702980,2,26235000,'2019-01-30','2020-12-31',7,'VND',NULL,NULL);
INSERT INTO "leaseagrm" VALUES (132,'DP',100,96,NULL,'2020-10-21','2021-04-20',14520480,2,43000000,'2019-03-30','2021-04-20',28,'VND',NULL,NULL);
INSERT INTO "leaseagrm" VALUES (133,'FUBIC',101,98,NULL,'2020-10-16','2022-10-15',40955200,2,76019360,'2016-09-15','2022-10-15',30,'USD',22280,NULL);
INSERT INTO "leaseagrm" VALUES (134,'HOANGAN',102,99,NULL,'2020-11-01','2021-10-31',78300000,2,180000000,'2017-10-16','2021-10-31',15,'VND',NULL,NULL);
INSERT INTO "leaseagrm" VALUES (135,'CIRCLE',103,100,NULL,'2019-08-05','2021-08-04',36650250,2,110045250,'2019-07-05','2021-08-04',12,'VND',NULL,NULL);
INSERT INTO "leaseagrm" VALUES (136,'WIND',104,101,NULL,'2019-10-16','2022-10-15',42816800,2,127885065,'2019-10-19','2022-10-15',26,'VND',NULL,NULL);
INSERT INTO "leaseagrm" VALUES (137,'VOYAGER1',105,102,NULL,'2020-09-16','2021-03-15',32578000,2,96873000,'2018-07-24','2021-03-15',23,'VND',NULL,NULL);
INSERT INTO "leaseagrm" VALUES (138,'VOYAGER2',106,102,NULL,'2020-01-22','2022-01-21',40606150,2,79300000,'2015-12-08','2022-01-21',30,'VND',NULL,NULL);
INSERT INTO "leaseagrm" VALUES (139,'KIENTRUCTRANG',107,103,NULL,'2019-09-16','2021-09-15',80048800,2,267000000,'2014-11-03','2021-09-15',22,'VND',NULL,NULL);
INSERT INTO "leaseagrm" VALUES (140,'IMT',108,104,NULL,'2019-05-04','2021-05-03',37464700,2,112345800,'2019-05-02','2021-05-03',11,'VND',NULL,NULL);
INSERT INTO "leaseagrm" VALUES (141,'ENSIGN',109,105,NULL,'2020-06-15','2021-06-14',40955200,2,120410400,'2018-05-08','2018-05-08',14,'VND',NULL,NULL);
INSERT INTO "leaseagrm" VALUES (142,'MOBIFONE',110,106,NULL,'2016-11-01','2021-10-31',108000000,2,NULL,'2021-06-14',NULL,NULL,'VND',NULL,NULL);
INSERT INTO "leaseagrm" VALUES (144,'Deffein Patrick',114,158,NULL,'2020-04-01','2021-03-31',12000000,2,11415000,'2020-04-01','2021-03-31',1,NULL,NULL,NULL);
INSERT INTO "leaseagrm" VALUES (145,'Schill Christoph',115,159,NULL,'2019-01-09','2021-01-08',17625000,2,12000000,'2019-01-09','2021-01-08',1,NULL,NULL,NULL);
INSERT INTO "leaseagrm" VALUES (146,'Proctor Travis',116,162,NULL,'2020-07-11','2022-07-30',18067000,2,38511000,'2020-07-11','2022-07-30',1,NULL,NULL,NULL);
INSERT INTO "leaseagrm" VALUES (147,'Gaffney Roger',118,164,NULL,'2020-10-01','2021-03-31',13000000,2,13000000,'2020-10-01','2021-03-31',1,NULL,NULL,NULL);
INSERT INTO "leaseagrm" VALUES (148,'Bouineau Armelle',119,166,NULL,'2019-09-01','2020-09-01',17000000,2,19755250,'2019-09-01','2020-09-01',1,NULL,NULL,NULL);
INSERT INTO "leaseagrm_period" VALUES (1,'years');
INSERT INTO "leaseagrm_period" VALUES (2,'months');
INSERT INTO "leaseagrm_period" VALUES (3,'weeks');
INSERT INTO "leaseagrm_period" VALUES (4,'days');
INSERT INTO "leaseagrm_period" VALUES (5,'hours');
INSERT INTO "leaseagrm_period" VALUES (6,'minutes');
INSERT INTO "leaseagrm_period" VALUES (7,'seconds');
INSERT INTO "revenue" VALUES (1,'Rent \"RANGMI\" period 16 Dec 2012 - 31 Oct 2020',125,'2020-10-31',1976243644.956,NULL);
INSERT INTO "revenue_type" VALUES (1,'Rent',0);
INSERT INTO "revenue_type" VALUES (2,'Electricity',1);
INSERT INTO "revenue_type" VALUES (3,'Water',1);
INSERT INTO "revenue_type" VALUES (4,'Telephone',0);
INSERT INTO "revenue_type" VALUES (5,'Wireless',0);
INSERT INTO "revenue_type" VALUES (6,'Garage rental',0);
INSERT INTO "revenue_type" VALUES (7,'Laundry',0);
INSERT INTO "revenue_type" VALUES (8,'Deposit',0);
INSERT INTO "revenue_type" VALUES (9,'Other',0);
INSERT INTO "tenant" VALUES (91,NULL,'Hong','Quyet',NULL,'VietNam',NULL,NULL,5,NULL,NULL,'0939404440',NULL,NULL,NULL,'CUU LONG','47-49-51 PKK, Distric 1, HCMC','CUULONG');
INSERT INTO "tenant" VALUES (92,NULL,'Nhu','Muoi',NULL,'VietNam',NULL,NULL,5,NULL,NULL,'0975628625','02839417638',NULL,NULL,'RANG MI','47-49-51 PKK, Distric 1, HCMC','RANGMI');
INSERT INTO "tenant" VALUES (93,NULL,'Thao','Quyen',NULL,'VietNam',NULL,NULL,5,NULL,NULL,'01695070575',NULL,NULL,NULL,'FUJIKIN',' H-2B, Thang Long industrial park,  Đong Anh Dist','FUJIKIN');
INSERT INTO "tenant" VALUES (94,NULL,'Ngoc','Lan',NULL,'VietNam',NULL,NULL,5,NULL,NULL,'0903219191','02838226290',NULL,NULL,'NH QUANG','B23, Thanh Xuan Distric, HNC','NHQUANG');
INSERT INTO "tenant" VALUES (95,NULL,'Hoang','Yen',NULL,'VietNam',NULL,NULL,5,NULL,NULL,'0907401958','02839393924',NULL,NULL,'ARCA','47-49-51 PKK, Distric 1, HCMC','ARCA');
INSERT INTO "tenant" VALUES (96,NULL,'Thi','Ngan',NULL,'VietNam',NULL,NULL,5,NULL,NULL,'0908686401',NULL,NULL,NULL,'DP CHEMICALS','47-49-51 PKK, Distric 1, HCMC','DP');
INSERT INTO "tenant" VALUES (97,NULL,'Dieu','Huong',NULL,'VietNam',NULL,NULL,5,NULL,NULL,'0918128012',NULL,NULL,NULL,'KOCKS ARDELT','47-49-51 PKK, Distric 1, HCMC','KOCKS');
INSERT INTO "tenant" VALUES (98,NULL,'Anh','Thu',NULL,'VietNam',NULL,NULL,5,NULL,NULL,'0963731499',NULL,NULL,NULL,'FUBIC ENGINEERING','47-49-51 PKK, Distric 1, HCMC','FUBIC');
INSERT INTO "tenant" VALUES (99,NULL,NULL,'Yen',NULL,'VietNam',NULL,NULL,5,NULL,NULL,'0909973003','02838277683',NULL,NULL,'HOANG AN','47-49-51 PKK, Distric 1, HCMC','HOANGAN');
INSERT INTO "tenant" VALUES (100,NULL,NULL,'Dung',NULL,'VietNam',NULL,NULL,5,NULL,NULL,'0918282279',NULL,NULL,NULL,'CIRCLE VIET NAM','47-49-51 PKK, Distric 1, HCMC','CIRCLE');
INSERT INTO "tenant" VALUES (101,NULL,'Mai','Thi',NULL,'VietNam',NULL,NULL,5,NULL,NULL,'0972440110',NULL,NULL,NULL,' WINDMOELLER & HOELSCHER ','47-49-51 PKK, Distric 1, HCMC','WIND');
INSERT INTO "tenant" VALUES (102,NULL,'Que','Anh',NULL,'VietNam',NULL,NULL,5,NULL,NULL,'0903319239',NULL,NULL,NULL,'VOYAGER DISTRIBUTING CO PTY LTD','47-49-51 PKK, Distric 1, HCMC','VOYAGER ');
INSERT INTO "tenant" VALUES (103,NULL,'Yen ','Thi',NULL,'VietNam',NULL,NULL,5,NULL,NULL,'0908394890',NULL,NULL,NULL,'KIEN TRUC TRANG','47-49-51 PKK, Distric 1, HCMC','KIENTRUCTRANG');
INSERT INTO "tenant" VALUES (104,NULL,'Nhat','Huy',NULL,'VietNam',NULL,NULL,5,NULL,NULL,'0908690099',NULL,NULL,NULL,'VIEN CONG NGHE','47-49-51 PKK, Distric 1, HCMC','IMT');
INSERT INTO "tenant" VALUES (105,NULL,'Gia','Hoan',NULL,'VietNam',NULL,NULL,5,NULL,NULL,'0908962235',NULL,NULL,NULL,'ENSIGN LOGISTICS','47-49-51 PKK, Distric 1, HCMC','ENSIGN');
INSERT INTO "tenant" VALUES (106,'Mobifone','Mobifone','Mobifone',NULL,'VietNam',NULL,NULL,5,NULL,NULL,NULL,NULL,NULL,NULL,NULL,NULL,'MOBIFONE');
INSERT INTO "tenant" VALUES (158,'Deffein','Marie  Yvon','  Patrick','1961-08-04','FRA','19FF66040','0000-00-00',6,'0000-00-00','0000-00-00','0903102418',NULL,NULL,'deffeinp@yahoo.fr',NULL,NULL,NULL);
INSERT INTO "tenant" VALUES (159,'Schill',NULL,'Christoph','1977-09-30',' AUT','P6845625','0000-00-00',6,'0000-00-00','0000-00-00','0936658805',NULL,NULL,'christoph.schill@pracsis.com',NULL,NULL,NULL);
INSERT INTO "tenant" VALUES (160,'Nguyen','Cong','To Loan','1988-03-05','VN','1188005073',NULL,6,NULL,NULL,'0833213588',NULL,NULL,'ctloan88@yahoo.com',NULL,NULL,NULL);
INSERT INTO "tenant" VALUES (161,'Schill','Will','Cong','2018-02-11','VN',NULL,NULL,6,NULL,NULL,NULL,NULL,NULL,NULL,NULL,NULL,NULL);
INSERT INTO "tenant" VALUES (162,'Proctor','James','Travis','1982-08-22','USA','567926124','0000-00-00',6,'0000-00-00','0000-00-00','0765552956',NULL,NULL,'travisproctor9@gmail.com',NULL,NULL,NULL);
INSERT INTO "tenant" VALUES (163,'Proctor','Jill','Tifany','1980-10-27','USA','566338262','0000-00-00',6,'0000-00-00','0000-00-00','0898320261',NULL,NULL,'tiffanyproctor80@gmail.com',NULL,NULL,NULL);
INSERT INTO "tenant" VALUES (164,'Gaffney','David','Roger','1963-09-29','AUS','E4131610','0000-00-00',6,'0000-00-00','0000-00-00','0919794048',NULL,NULL,'rogergaffney@gmail.com',NULL,NULL,NULL);
INSERT INTO "tenant" VALUES (165,'Nguyen','Thi','Quynh Nhung','1982-10-30','VN','1182000705',NULL,6,NULL,NULL,'0989060207',NULL,NULL,'nhung.infos@gmail.com',NULL,NULL,NULL);
INSERT INTO "tenant" VALUES (166,'Bouineau','Armelle',' Josette Clara ','1996-03-20','FRA','18FH33060','0000-00-00',6,'0000-00-00','0000-00-00','0977216933',NULL,NULL,'clara.bouineau@gmail.com',NULL,NULL,NULL);
INSERT INTO "tenant" VALUES (167,'Thomine',' Raoul','Leon Benjamin','1991-11-23','FRA','17AF32957','0000-00-00',6,'0000-00-00','0000-00-00',NULL,NULL,NULL,'benjamin.thomie@gmail.com',NULL,NULL,NULL);
INSERT INTO "unit" VALUES (92,'PKKG01',5,20,1,1,0,0,NULL);
INSERT INTO "unit" VALUES (93,'PKKG02',5,80,1,1,0,0,NULL);
INSERT INTO "unit" VALUES (94,'PKK101',5,60,1,1,0,0,NULL);
INSERT INTO "unit" VALUES (95,'PKK102',5,40,1,1,0,0,NULL);
INSERT INTO "unit" VALUES (96,'PKK103',5,31,1,1,0,0,NULL);
INSERT INTO "unit" VALUES (97,'PKK104',5,76,1,1,0,0,NULL);
INSERT INTO "unit" VALUES (98,'PKK201',5,80,1,1,0,0,NULL);
INSERT INTO "unit" VALUES (99,'PKK202',5,17,1,1,0,0,NULL);
INSERT INTO "unit" VALUES (100,'PKK203',5,29,1,1,0,0,NULL);
INSERT INTO "unit" VALUES (101,'PKK204',5,80,1,1,0,0,NULL);
INSERT INTO "unit" VALUES (102,'PKK301',5,160,1,1,0,0,NULL);
INSERT INTO "unit" VALUES (103,'PKK401',5,70,1,1,0,0,NULL);
INSERT INTO "unit" VALUES (104,'PKK402',5,80,1,1,0,0,NULL);
INSERT INTO "unit" VALUES (105,'PKK501',5,70,1,1,0,0,NULL);
INSERT INTO "unit" VALUES (106,'PKK502',5,80,1,1,0,0,NULL);
INSERT INTO "unit" VALUES (107,'PKK601',5,160,1,1,0,0,NULL);
INSERT INTO "unit" VALUES (108,'PKK701',5,70,1,1,0,0,NULL);
INSERT INTO "unit" VALUES (109,'PKK702',5,80,1,1,0,0,NULL);
INSERT INTO "unit" VALUES (110,'PKKT01',5,10,1,1,0,0,NULL);
INSERT INTO "unit" VALUES (112,'MAPG01',6,70,2,2,0,3,NULL);
INSERT INTO "unit" VALUES (113,'MAPG02',6,57,1,1,0,2,NULL);
INSERT INTO "unit" VALUES (114,'MAP101',6,60,1,1,0,1,NULL);
INSERT INTO "unit" VALUES (115,'MAP102',6,70,2,2,0,2,NULL);
INSERT INTO "unit" VALUES (116,'MAP103',6,103,3,3,0,2,NULL);
INSERT INTO "unit" VALUES (117,'MAP201',6,60,1,1,0,1,NULL);
INSERT INTO "unit" VALUES (118,'MAP202',6,70,2,2,0,2,NULL);
INSERT INTO "unit" VALUES (119,'MAP203',6,103,3,3,0,2,NULL);
INSERT INTO "unit" VALUES (120,'MAP301',6,60,1,1,0,1,NULL);
INSERT INTO "unit" VALUES (121,'MAP302',6,70,2,2,0,2,NULL);
INSERT INTO "unit" VALUES (122,'MAP303',6,103,3,3,0,3,NULL);
INSERT INTO "unit" VALUES (123,'MAP401',6,48,1,1,0,1,NULL);
INSERT INTO "unit" VALUES (124,'MAP402',6,75,2,2,0,2,NULL);
INSERT INTO "unit" VALUES (125,'MAYMAP1',6,100,1,1,NULL,1,'Building A37, for utilities meter');
INSERT INTO "unit" VALUES (126,'MAYMAP2',6,1,1,1,NULL,1,'Building A38, for utilities meter');
INSERT INTO "unit" VALUES (127,'MAYMTN1',2,1,1,1,NULL,1,'May Thi Nghe, for utilities meter');
INSERT INTO "unit" VALUES (128,'MAYMTN2',2,1,1,1,NULL,1,'May Thi Nghe, for utilities meter');
INSERT INTO "utility_price" VALUES (1,2,11,'2020-09-01','2020-09-20',NULL,NULL);
INSERT INTO "utility_price" VALUES (2,3,22,'2020-09-02','2020-09-20',NULL,NULL);
INSERT INTO "utility_price" VALUES (3,2,21,'2020-09-15','2020-09-20',NULL,NULL);
INSERT INTO "utility_price" VALUES (4,3,32,'2020-09-16','2020-09-20',NULL,NULL);
INSERT INTO "utility_price" VALUES (5,2,31,'2020-09-19','2020-09-20',NULL,NULL);
INSERT INTO "utility_price" VALUES (6,3,42,'2020-09-19','2020-09-20',NULL,NULL);
INSERT INTO "utility_price" VALUES (7,2,4587,'2020-09-20','2020-11-17',NULL,NULL);
INSERT INTO "utility_price" VALUES (8,3,12000,'2020-12-01','2020-12-15','blastor555','2020-12-15 09:12:10');
INSERT INTO "utility_reading" VALUES (256,2,92,'2020-09-30 00:00:00',29151,NULL,NULL);
INSERT INTO "utility_reading" VALUES (257,2,93,'2020-09-30 00:00:00',75916,NULL,NULL);
INSERT INTO "utility_reading" VALUES (258,2,94,'2020-09-30 00:00:00',49904,NULL,NULL);
INSERT INTO "utility_reading" VALUES (259,2,95,'2020-09-30 00:00:00',9881,NULL,NULL);
INSERT INTO "utility_reading" VALUES (260,2,96,'2020-09-30 00:00:00',25096,NULL,NULL);
INSERT INTO "utility_reading" VALUES (261,2,97,'2020-09-30 00:00:00',46507,NULL,NULL);
INSERT INTO "utility_reading" VALUES (262,2,98,'2020-09-30 00:00:00',34434,NULL,NULL);
INSERT INTO "utility_reading" VALUES (263,2,99,'2020-09-30 00:00:00',1618,NULL,NULL);
INSERT INTO "utility_reading" VALUES (264,2,100,'2020-09-30 00:00:00',40386,NULL,NULL);
INSERT INTO "utility_reading" VALUES (265,2,101,'2020-09-30 00:00:00',7454,NULL,NULL);
INSERT INTO "utility_reading" VALUES (266,2,102,'2020-09-30 00:00:00',40361,NULL,NULL);
INSERT INTO "utility_reading" VALUES (267,2,103,'2020-09-30 00:00:00',44454,NULL,NULL);
INSERT INTO "utility_reading" VALUES (268,2,104,'2020-09-30 00:00:00',66800,NULL,NULL);
INSERT INTO "utility_reading" VALUES (269,2,105,'2020-09-30 00:00:00',30617,NULL,NULL);
INSERT INTO "utility_reading" VALUES (270,2,106,'2020-09-30 00:00:00',29289,NULL,NULL);
INSERT INTO "utility_reading" VALUES (271,2,107,'2020-09-30 00:00:00',56263,NULL,NULL);
INSERT INTO "utility_reading" VALUES (272,2,108,'2020-09-30 00:00:00',31542,NULL,NULL);
INSERT INTO "utility_reading" VALUES (273,2,109,'2020-09-30 00:00:00',98457,NULL,NULL);
INSERT INTO "utility_reading" VALUES (331,3,125,'2020-11-06 00:00:00',5538,NULL,NULL);
INSERT INTO "utility_reading" VALUES (332,3,126,'2020-11-06 00:00:00',4623,NULL,NULL);
INSERT INTO "utility_reading" VALUES (333,3,112,'2020-11-06 00:00:00',3073,NULL,NULL);
INSERT INTO "utility_reading" VALUES (334,3,113,'2020-11-06 00:00:00',1667,NULL,NULL);
INSERT INTO "utility_reading" VALUES (335,3,114,'2020-10-29 00:00:00',1406,NULL,NULL);
INSERT INTO "utility_reading" VALUES (336,3,115,'2020-10-29 00:00:00',1691,NULL,NULL);
INSERT INTO "utility_reading" VALUES (337,3,116,'2020-10-29 00:00:00',2789,NULL,NULL);
INSERT INTO "utility_reading" VALUES (338,3,117,'2020-11-06 00:00:00',848,NULL,NULL);
INSERT INTO "utility_reading" VALUES (339,3,118,'2020-10-29 00:00:00',1276,NULL,NULL);
INSERT INTO "utility_reading" VALUES (340,3,119,'2020-10-29 00:00:00',1799,NULL,NULL);
INSERT INTO "utility_reading" VALUES (341,3,120,'2020-11-06 00:00:00',376,NULL,NULL);
INSERT INTO "utility_reading" VALUES (342,3,121,'2020-10-29 00:00:00',1676,NULL,NULL);
INSERT INTO "utility_reading" VALUES (343,3,122,'2020-10-29 00:00:00',1933,NULL,NULL);
INSERT INTO "utility_reading" VALUES (344,3,123,'2020-11-06 00:00:00',553,NULL,NULL);
INSERT INTO "utility_reading" VALUES (345,3,124,'2020-10-15 00:00:00',1535,NULL,NULL);
INSERT INTO "utility_reading" VALUES (346,2,112,'2020-11-06 00:00:00',35878,NULL,NULL);
INSERT INTO "utility_reading" VALUES (347,2,113,'2020-11-06 00:00:00',52216,NULL,NULL);
INSERT INTO "utility_reading" VALUES (348,2,114,'2020-10-29 00:00:00',42715,NULL,NULL);
INSERT INTO "utility_reading" VALUES (349,2,115,'2020-10-29 00:00:00',57920,NULL,NULL);
INSERT INTO "utility_reading" VALUES (350,2,116,'2020-10-29 00:00:00',5348,NULL,NULL);
INSERT INTO "utility_reading" VALUES (351,2,117,'2020-11-06 00:00:00',6674,NULL,NULL);
INSERT INTO "utility_reading" VALUES (352,2,118,'2020-10-29 00:00:00',46837,NULL,NULL);
INSERT INTO "utility_reading" VALUES (353,2,119,'2020-10-29 00:00:00',72587,NULL,NULL);
INSERT INTO "utility_reading" VALUES (354,2,120,'2020-11-06 00:00:00',89059,NULL,NULL);
INSERT INTO "utility_reading" VALUES (355,2,121,'2020-10-29 00:00:00',18326,NULL,NULL);
INSERT INTO "utility_reading" VALUES (356,2,122,'2020-10-29 00:00:00',64437,NULL,NULL);
INSERT INTO "utility_reading" VALUES (357,2,123,'2020-11-06 00:00:00',19750,NULL,NULL);
INSERT INTO "utility_reading" VALUES (358,2,124,'2020-10-15 00:00:00',66128,NULL,NULL);
INSERT INTO "utility_reading" VALUES (359,3,125,'2020-11-06 00:00:00',5538,NULL,NULL);
INSERT INTO "utility_reading" VALUES (360,3,126,'2020-11-06 00:00:00',4623,NULL,NULL);
INSERT INTO "utility_reading" VALUES (361,3,112,'2020-11-06 00:00:00',3073,NULL,NULL);
INSERT INTO "utility_reading" VALUES (362,3,113,'2020-11-06 00:00:00',1667,NULL,NULL);
INSERT INTO "utility_reading" VALUES (363,3,114,'2020-09-28 00:00:00',1390,NULL,NULL);
INSERT INTO "utility_reading" VALUES (364,3,115,'2020-09-28 00:00:00',1679,NULL,NULL);
INSERT INTO "utility_reading" VALUES (365,3,116,'2020-09-28 00:00:00',2772,NULL,NULL);
INSERT INTO "utility_reading" VALUES (366,3,117,'2020-11-06 00:00:00',848,NULL,NULL);
INSERT INTO "utility_reading" VALUES (367,3,118,'2020-09-28 00:00:00',1267,NULL,NULL);
INSERT INTO "utility_reading" VALUES (368,3,119,'2020-09-28 00:00:00',1791,NULL,NULL);
INSERT INTO "utility_reading" VALUES (369,3,120,'2020-11-06 00:00:00',376,NULL,NULL);
INSERT INTO "utility_reading" VALUES (370,3,121,'2020-09-28 00:00:00',1673,NULL,NULL);
INSERT INTO "utility_reading" VALUES (371,3,122,'2020-09-28 00:00:00',1923,NULL,NULL);
INSERT INTO "utility_reading" VALUES (372,3,123,'2020-11-06 00:00:00',553,NULL,NULL);
INSERT INTO "utility_reading" VALUES (373,3,124,'2020-09-14 00:00:00',1518,NULL,NULL);
INSERT INTO "utility_reading" VALUES (374,2,112,'2020-11-06 00:00:00',35878,NULL,NULL);
INSERT INTO "utility_reading" VALUES (375,2,113,'2020-11-06 00:00:00',52216,NULL,NULL);
INSERT INTO "utility_reading" VALUES (376,2,114,'2020-09-28 00:00:00',42377,NULL,NULL);
INSERT INTO "utility_reading" VALUES (377,2,115,'2020-09-28 00:00:00',57587,NULL,NULL);
INSERT INTO "utility_reading" VALUES (378,2,116,'2020-09-28 00:00:00',4662,NULL,NULL);
INSERT INTO "utility_reading" VALUES (379,2,117,'2020-11-06 00:00:00',6674,NULL,NULL);
INSERT INTO "utility_reading" VALUES (380,2,118,'2020-09-28 00:00:00',46416,NULL,NULL);
INSERT INTO "utility_reading" VALUES (381,2,119,'2020-09-28 00:00:00',72064,NULL,NULL);
INSERT INTO "utility_reading" VALUES (382,2,120,'2020-11-06 00:00:00',89059,NULL,NULL);
INSERT INTO "utility_reading" VALUES (383,2,121,'2020-09-28 00:00:00',18117,NULL,NULL);
INSERT INTO "utility_reading" VALUES (384,2,122,'2020-09-28 00:00:00',63993,NULL,NULL);
INSERT INTO "utility_reading" VALUES (385,2,123,'2020-11-06 00:00:00',19750,NULL,NULL);
INSERT INTO "utility_reading" VALUES (386,2,124,'2020-09-14 00:00:00',65463,NULL,NULL);
INSERT INTO "user" VALUES (1,'blastor555','123456','0259784563','blastor555@gmail.com','0123654789',1);
INSERT INTO "user" VALUES (3,'QuocAnh','MayRentManagement','+84903959969','lhqanh@gmail.com','+4915901244095',1);
COMMIT;
